"","x"
"data",813
"experience",481
"work",335
"browse",299
"science",222
"center",207
"learning",188
"business",188
"analysis",175
"hiring",169
"jobs",168
"career",166
"lab",164
"advice",163
"skills",158
"help",157
"companies",154
"find",149
"information",146
"models",145
"machine",139
"salaries",137
"events",136
"certifications",134
"indeed",134
"employer",133
"analytics",130
"python",129
"countries",129
"years",128
"statistical",126
"ability",119
"team",114
"personal",112
"degree",109
"knowledge",109
"required",106
"strong",106
"sell",106
"using",105
"engineering",105
"techniques",103
"etc",101
"working",101
"research",100
"statistics",100
"sql",99
"new",95
"privacy",95
"computer",86
"modeling",83
"quantitative",83
"problems",79
"tools",79
"development",78
"teams",74
"develop",73
"product",72
"solutions",72
"systems",71
"advanced",71
"technical",69
"insights",69
"understanding",66
"environment",65
"preferred",63
"mathematics",60
"insurance",60
"field",59
"large",58
"related",58
"including",57
"programming",57
"one",56
"communication",55
"predictive",55
"complex",54
"analytical",54
"projects",54
"software",53
"support",53
"can",52
"time",52
"identify",51
"sets",50
"building",49
"will",49
"algorithms",49
"best",46
"design",46
"deep",45
"plus",45
"health",44
"products",43
"opportunities",43
"excellent",43
"andor",42
"understand",42
"drive",41
"methods",41
"build",40
"languages",40
"testing",40
"industry",40
"analyze",40
"sources",39
"stakeholders",39
"across",38
"datasets",38
"implement",38
"management",38
"model",37
"communicate",37
"language",37
"project",36
"provide",36
"well",35
"operations",35
"relevant",35
"use",35
"optimization",34
"solving",34
"metrics",34
"code",34
"process",33
"improve",33
"questions",33
"big",33
"results",33
"must",33
"processing",33
"regression",32
"technology",32
"concepts",32
"create",32
"engineers",32
"spark",32
"applied",31
"dental",31
"economics",30
"learn",29
"expertise",29
"internal",29
"reports",29
"processes",29
"problem",29
"performance",29
"customer",29
"client",28
"apply",28
"reporting",28
"needs",28
"least",28
"visualization",28
"vision",28
"program",27
"bachelor’s",27
"familiarity",27
"practices",27
"quality",27
"various",27
"written",27
"solve",26
"mining",26
"marketing",26
"databases",26
"leadership",26
"key",26
"impact",26
"tableau",26
"requirements",25
"analyses",25
"organization",24
"sas",24
"decision",24
"like",24
"analytic",23
"developing",23
"scale",23
"trends",23
"decisions",23
"able",23
"user",23
"verbal",23
"proficiency",22
"patterns",22
"plan",22
"customers",22
"job",22
"experiments",22
"production",22
"background",22
"within",22
"forecasting",22
"location",22
"bachelors",21
"perform",21
"intelligence",21
"analyzing",21
"managers",21
"hadoop",21
"maintain",21
"actionable",21
"outcomes",21
"database",21
"recommendations",21
"scripting",21
"pipelines",21
"clustering",21
"role",21
"company",21
"technologies",21
"aws",21
"paid",21
"social",20
"partners",20
"training",20
"partner",20
"cloud",20
"minimum",20
"make",20
"existing",20
"coding",20
"ensure",20
"distributed",20
"track",20
"external",19
"writing",19
"people",19
"findings",19
"physics",19
"based",19
"multiple",19
"clients",19
"scala",19
"others",19
"professional",19
"value",18
"relationships",18
"master’s",18
"may",18
"sales",18
"frameworks",18
"discipline",18
"math",18
"java",18
"equivalent",18
"applications",18
"passion",18
"needed",18
"effectively",18
"nlp",17
"strategy",17
"setting",17
"issues",17
"year",17
"critical",17
"define",17
"optimize",17
"evaluate",17
"following",17
"scikitlearn",17
"excel",17
"services",17
"networks",17
"neural",17
"present",17
"microsoft",17
"computing",17
"natural",17
"familiar",17
"states",16
"network",16
"visualizations",16
"unstructured",16
"apache",16
"collaborate",16
"access",16
"academic",16
"inform",16
"high",16
"delivery",16
"integrity",16
"comfortable",16
"series",16
"interpersonal",16
"demonstrated",16
"united",15
"platform",15
"extract",15
"datadriven",15
"phd",15
"responsible",15
"lead",15
"pandas",15
"web",15
"goals",15
"marketplace",15
"proven",15
"highly",15
"retirement",15
"masters",15
"flexible",15
"assistance",15
"deliver",14
"quickly",14
"test",14
"strategic",14
"financial",14
"healthcare",14
"scientists",14
"generate",14
"innovative",14
"environments",14
"platforms",14
"empirical",14
"capabilities",14
"closely",14
"oriented",14
"structures",14
"life",14
"used",14
"clinical",14
"novel",14
"open",14
"creating",14
"levels",14
"candidate",14
"real",13
"practical",13
"features",13
"challenges",13
"medical",13
"dashboards",13
"independently",13
"handson",13
"market",13
"participate",13
"structured",13
"implementing",13
"clear",13
"matlab",13
"improvement",13
"bayesian",13
"contribute",13
"interpret",13
"system",13
"common",13
"clearly",13
"libraries",13
"office",13
"similar",13
"passionate",13
"record",13
"tensorflow",13
"competitive",13
"good",13
"hypothesis",13
"salary",13
"recommendation",12
"trees",12
"current",12
"users",12
"identifying",12
"expert",12
"hypotheses",12
"’ve",12
"initiatives",12
"conducting",12
"utilizing",12
"improving",12
"computational",12
"functional",12
"variety",12
"get",12
"applying",12
"–",12
"growth",12
"power",12
"meet",12
"two",12
"write",12
"take",12
"benefits",12
"significant",12
"leading",12
"basic",12
"demand",12
"problemsolving",12
"curiosity",12
"’re",12
"stack",12
"control",12
"azure",12
"world",11
"education",11
"presentation",11
"risk",11
"manipulate",11
"execute",11
"answer",11
"state",11
"equity",11
"thinking",11
"range",11
"senior",11
"designing",11
"combination",11
"implementation",11
"proficient",11
"ideas",11
"interview",11
"collaboratively",11
"small",11
"success",11
"tests",11
"query",11
"run",11
"monitor",11
"organizational",11
"willingness",11
"audiences",11
"fastpaced",11
"great",11
"pytorch",11
"manner",11
"application",10
"inference",10
"assist",10
"automated",10
"collect",10
"improvements",10
"interact",10
"execution",10
"credit",10
"discover",10
"measure",10
"translate",10
"increase",10
"way",10
"collection",10
"interface",10
"demonstrate",10
"also",10
"desire",10
"approaches",10
"order",10
"graduate",10
"making",10
"experimentation",10
"programs",10
"safety",10
"nosql",10
"feedback",10
"presenting",10
"effective",10
"github",10
"relational",10
"colleagues",10
"packages",10
"vacation",10
"linux",10
"tuition",10
"random",9
"infrastructure",9
"ways",9
"scientist",9
"creation",9
"love",9
"enhance",9
"service",9
"strongly",9
"efficiency",9
"develops",9
"queries",9
"deploying",9
"need",9
"core",9
"visualize",9
"manage",9
"plans",9
"view",9
"meaningful",9
"include",9
"player",9
"google",9
"full",9
"evaluating",9
"involving",9
"methodologies",9
"cleaning",9
"members",9
"collaborating",9
"matter",9
"previous",9
"strategies",9
"classification",9
"fluency",9
"driven",9
"accuracy",9
"analysts",9
"think",9
"agile",9
"level",9
"works",9
"areas",9
"manipulation",9
"know",9
"schedule",9
"youll",9
"reimbursement",9
"activities",9
"things",9
"just",8
"three",8
"clean",8
"focused",8
"disparate",8
"change",8
"automate",8
"part",8
"ongoing",8
"ocr",8
"provides",8
"set",8
"rights",8
"voting",8
"different",8
"years’",8
"exploratory",8
"provider",8
"uses",8
"throughout",8
"predict",8
"integrate",8
"planning",8
"solid",8
"subject",8
"forecast",8
"realworld",8
"robust",8
"leverage",8
"literature",8
"study",8
"structure",8
"additional",8
"necessary",8
"graph",8
"locations",8
"nyc",8
"monitoring",8
"crossfunctional",8
"package",8
"available",8
"investment",8
"hive",8
"papers",8
"culture",8
"connect",8
"specific",8
"adhoc",8
"right",8
"unsupervised",8
"rules",8
"communicating",8
"diverse",8
"maintaining",8
"tasks",8
"simulation",8
"fully",8
"startup",8
"delivering",8
"restaurant",8
"approach",8
"sharing",8
"functions",8
"running",8
"detail",8
"leave",8
"forest",7
"top",7
"essential",7
"manipulating",7
"report",7
"basketball",7
"space",7
"chain",7
"join",7
"audience",7
"domain",7
"analyst",7
"see",7
"day",7
"developers",7
"draw",7
"architectures",7
"cost",7
"focus",7
"fulltime",7
"private",7
"’ll",7
"mine",7
"resources",7
"policy",7
"deployment",7
"feature",7
"collaborative",7
"finance",7
"priorities",7
"integrating",7
"bonuses",7
"assigned",7
"engagement",7
"date",7
"efficient",7
"transformation",7
"stem",7
"numpy",7
"opportunity",7
"scalable",7
"etl",7
"details",7
"extraction",7
"coordinate",7
"uncover",7
"future",7
"prior",7
"especially",7
"search",7
"initiative",7
"distributions",7
"exceptional",7
"come",7
"forests",7
"solution",7
"querying",7
"stata",7
"engines",7
"mathematical",7
"potential",7
"linear",7
"hoc",7
"root",7
"extremely",7
"daily",7
"appropriate",7
"redshift",7
"supervised",7
"nontechnical",7
"preferably",7
"framework",7
"notebooks",7
"javascript",7
"remote",7
"master",7
"forms",7
"security",7
"gcp",7
"boosting",6
"probabilistic",6
"text",6
"leader",6
"optimizing",6
"validate",6
"exploration",6
"possible",6
"supply",6
"beyond",6
"consumer",6
"numbers",6
"capacity",6
"care",6
"deliverables",6
"derive",6
"gathering",6
"performing",6
"bizcredits",6
"scope",6
"recognition",6
"litigation",6
"prepare",6
"give",6
"sports",6
"want",6
"artificial",6
"conduct",6
"outside",6
"decisionmaking",6
"guide",6
"translating",6
"point",6
"complete",6
"duties",6
"keep",6
"architecture",6
"enjoy",6
"includes",6
"matching",6
"facing",6
"particular",6
"aclu",6
"insight",6
"end",6
"powerpoint",6
"custom",6
"currently",6
"experts",6
"detection",6
"comprehensive",6
"fast",6
"thought",6
"terms",6
"game",6
"payments",6
"standard",6
"downstream",6
"workflows",6
"better",6
"changes",6
"assurance",6
"ownership",6
"dynamic",6
"media",6
"individuals",6
"logistic",6
"address",6
"position",6
"member",6
"providing",6
"around",6
"action",6
"mindset",6
"continuous",6
"hands",6
"teammates",6
"directly",6
"direct",6
"experiment",6
"creativity",6
"voter",6
"ambiguity",6
"creative",6
"fields",6
"worked",6
"general",6
"documentation",6
"sophisticated",6
"profiles",6
"topics",6
"git",6
"modelling",6
"lunches",6
"speed",6
"changing",6
"backend",6
"commitment",6
"values",6
"probability",6
"selfstarter",6
"mysql",6
"interest",6
"version",6
"hcl",6
"bonus",6
"attention",6
"commuter",6
"parental",6
"cases",5
"five",5
"higher",5
"ideal",5
"warehouse",5
"files",5
"realtime",5
"owners",5
"pricing",5
"long",5
"usage",5
"endtoend",5
"activity",5
"excellence",5
"leaders",5
"pipeline",5
"roles",5
"global",5
"organizations",5
"prioritize",5
"effectiveness",5
"advance",5
"alongside",5
"experiences",5
"hard",5
"cloudbased",5
"causal",5
"doctors",5
"online",5
"internship",5
"four",5
"leveraging",5
"completed",5
"deadlines",5
"foster",5
"organize",5
"evaluation",5
"inside",5
"recommender",5
"wide",5
"recruiters",5
"youre",5
"bring",5
"utilize",5
"balance",5
"area",5
"executives",5
"continuously",5
"source",5
"billing",5
"gpa",5
"efforts",5
"music",5
"reviews",5
"line",5
"serve",5
"individual",5
"designs",5
"domains",5
"industries",5
"validation",5
"shiny",5
"enhancements",5
"finetuning",5
"upon",5
"properties",5
"influence",5
"outputs",5
"direction",5
"review",5
"accurate",5
"conclusions",5
"dataset",5
"modern",5
"practice",5
"regressions",5
"useful",5
"departments",5
"succeed",5
"procedures",5
"format",5
"rapid",5
"expected",5
"types",5
"causes",5
"operational",5
"rigor",5
"basis",5
"particularly",5
"achieve",5
"produce",5
"university",5
"collaborates",5
"surveys",5
"teaching",5
"presentations",5
"offer",5
"considered",5
"databricks",5
"reasonable",5
"apis",5
"investors",5
"another",5
"government",5
"finish",5
"even",5
"organized",5
"without",5
"impala",5
"participates",5
"ethic",5
"methodology",5
"defined",5
"managing",5
"self",5
"compelling",5
"select",5
"leads",5
"desirable",5
"disability",5
"travel",5
"kmeans",5
"screening",5
"eager",5
"econometrics",5
"consulting",5
"emphasis",5
"logistics",5
"course",5
"catered",5
"extracting",5
"jupyter",5
"sign",5
"communicator",5
"keras",5
"options",5
"stock",5
"capable",5
"hours",5
"employerpaid",5
"talent",5
"associate",5
"docker",5
"pretax",5
"learner",5
"relocation",5
"profile",4
"retrieval",4
"selecting",4
"prototype",4
"transform",4
"psychometrics",4
"turning",4
"highimpact",4
"internships",4
"entire",4
"tech",4
"receive",4
"status",4
"perspective",4
"return",4
"brands",4
"millions",4
"designers",4
"character",4
"optical",4
"slq",4
"forecasts",4
"past",4
"difficult",4
"quick",4
"act",4
"redistricting",4
"alternative",4
"talents",4
"important",4
"material",4
"agricultural",4
"conversion",4
"fun",4
"electronics",4
"spotify’s",4
"transactional",4
"volume",4
"third",4
"offerings",4
"indepth",4
"interactions",4
"teamwork",4
"innovation",4
"add",4
"automation",4
"central",4
"manager",4
"staff",4
"scipy",4
"resume",4
"ambiguous",4
"distilling",4
"efficiently",4
"early",4
"payment",4
"advantagesdrawbacks",4
"tree",4
"revenue",4
"acquire",4
"classify",4
"—",4
"identifies",4
"applies",4
"summarize",4
"troubleshoot",4
"idea",4
"applicant",4
"enable",4
"substituted",4
"entertainment",4
"anomaly",4
"sciences",4
"consistently",4
"timelines",4
"desired",4
"ensuring",4
"parameters",4
"completion",4
"funnel",4
"assess",4
"proper",4
"kibana",4
"drivers",4
"timely",4
"gain",4
"easily",4
"experimental",4
"cleanse",4
"protocols",4
"prediction",4
"term",4
"variables",4
"continue",4
"unlimited",4
"along",4
"bigger",4
"picture",4
"survival",4
"tracking",4
"example",4
"administrators",4
"disciplines",4
"school",4
"edge",4
"regards",4
"share",4
"command",4
"linuxunix",4
"shell",4
"scikits",4
"companys",4
"machinelearning",4
"completing",4
"ecommerce",4
"confidential",4
"behavior",4
"video",4
"standardized",4
"proposals",4
"explore",4
"transfer",4
"experienced",4
"rigorous",4
"mentor",4
"skill",4
"citizenship",4
"clearance",4
"automating",4
"students",4
"descriptive",4
"segmentation",4
"site",4
"scenario",4
"discussions",4
"advertising",4
"weekly",4
"investigative",4
"opensource",4
"distribution",4
"requests",4
"first",4
"storage",4
"demonstrable",4
"inputs",4
"art",4
"eats",4
"comfort",4
"babs",4
"exploratoryexperimental",4
"sense",4
"agencies",4
"supporting",4
"rapidly",4
"ideally",4
"department",4
"dispatch",4
"hidden",4
"base",4
"snacks",4
"predictiveness",4
"geospatial",4
"adept",4
"frequently",4
"enjoys",4
"person",4
"abilities",4
"perl",4
"hybrid",4
"pipelinesmodels",4
"productionizing",4
"researchengineering",4
"spss",4
"investigation",4
"explain",4
"exciting",4
"nonlinear",4
"creates",4
"assumptions",4
"outliers",4
"adapt",4
"standards",4
"become",4
"thrive",4
"intellectual",4
"file",4
"teamoriented",4
"selfmotivated",4
"filtering",4
"quantities",4
"casual",4
"dress",4
"civil",4
"unix",4
"thorough",4
"signing",4
"show",3
"glm",3
"theoretical",3
"among",3
"measurement",3
"vendors",3
"generated",3
"applicants",3
"overall",3
"corporate",3
"utilization",3
"exploit",3
"administrative",3
"feeds",3
"normalize",3
"helps",3
"challenging",3
"kinds",3
"governance",3
"advancement",3
"clinicians",3
"patient",3
"fraud",3
"modelingmachine",3
"formulating",3
"pursuing",3
"objectives",3
"asset",3
"markets",3
"impacts",3
"intern",3
"rich",3
"tackling",3
"committed",3
"farm",3
"acquisition",3
"kpis",3
"valuable",3
"interacts",3
"degrees",3
"hypothesisdriven",3
"pathgroup",3
"resolution",3
"designed",3
"gather",3
"difference",3
"collected",3
"retail",3
"vast",3
"digital",3
"seen",3
"youve",3
"complexity",3
"fundamentals",3
"object",3
"facilitate",3
"behavioral",3
"dive",3
"recommend",3
"accurately",3
"stand",3
"vba",3
"latest",3
"perfect",3
"prepared",3
"deploy",3
"according",3
"document",3
"describe",3
"clients’",3
"ingestion",3
"type",3
"secondary",3
"partnership",3
"scores",3
"api",3
"shared",3
"team’s",3
"amounts",3
"undergraduate",3
"enrolled",3
"beginning",3
"cross",3
"back",3
"algorithmic",3
"word",3
"architect",3
"claims",3
"bond",3
"clinically",3
"reading",3
"superb",3
"consultations",3
"promotion",3
"true",3
"automatic",3
"party",3
"forward",3
"free",3
"whether",3
"engage",3
"worldwide",3
"elevate",3
"campaign",3
"levers",3
"attribution",3
"proactively",3
"risks",3
"given",3
"identification",3
"nice",3
"consumption",3
"resource",3
"ecosystem",3
"home",3
"aiml",3
"availability",3
"collaboration",3
"moving",3
"ones",3
"follow",3
"providers",3
"empower",3
"extensive",3
"consistent",3
"hadoophive",3
"mission",3
"codes",3
"respond",3
"views",3
"assets",3
"operate",3
"purposes",3
"pig",3
"enhancing",3
"dedicated",3
"knack",3
"svm",3
"traditional",3
"promote",3
"topic",3
"content",3
"inventory",3
"regular",3
"respect",3
"freedom",3
"total",3
"charts",3
"researching",3
"constantly",3
"coordinating",3
"anomalies",3
"predicting",3
"little",3
"makes",3
"attending",3
"cutting",3
"reliability",3
"interaction",3
"superior",3
"answered",3
"concerns",3
"major",3
"every",3
"bias",3
"towards",3
"examples",3
"created",3
"weka",3
"supervise",3
"exercise",3
"statisticians",3
"situation",3
"churn",3
"exposure",3
"combine",3
"timeframes",3
"bau",3
"looking",3
"elk",3
"portfolio",3
"studies",3
"campaigns",3
"start",3
"builds",3
"expectations",3
"streaming",3
"formal",3
"logical",3
"shape",3
"rest",3
"principles",3
"secret",3
"ensemble",3
"college",3
"followthrough",3
"responsibility",3
"preparation",3
"pyspark",3
"volumes",3
"objective",3
"theano",3
"scientific",3
"built",3
"previously",3
"involved",3
"kpi",3
"football",3
"table",3
"flask",3
"independent",3
"accredited",3
"recent",3
"evaluations",3
"adhere",3
"federal",3
"local",3
"regulations",3
"bioinformatics",3
"majors",3
"integration",3
"immediately",3
"specifications",3
"peers",3
"cycles",3
"selection",3
"inclusion",3
"thinker",3
"criminal",3
"justice",3
"educating",3
"verbally",3
"theory",3
"electronic",3
"greater",3
"workflow",3
"airflow",3
"looker",3
"offices",3
"york",3
"conceptual",3
"toolkits",3
"advocate",3
"acceptable",3
"prioritizing",3
"multitask",3
"timeseries",3
"spending",3
"unit",3
"loosely",3
"preference",3
"mapping",3
"spatial",3
"differences",3
"orientation",3
"graphs",3
"pay",3
"either",3
"request",3
"detailed",3
"infrastructures",3
"algorithm",3
"oral",3
"powershell",3
"ggplot",3
"simple",3
"bigquery",3
"skilled",3
"rather",3
"toward",3
"obstacles",3
"resolving",3
"oracle",3
"tactics",3
"sourcing",3
"researchers",3
"distill",3
"employee",3
"assure",3
"positive",3
"flexibility",3
"nonexperts",3
"explaining",3
"update",3
"growing",3
"curious",3
"employees",3
"server",3
"per",3
"interested",3
"trust",3
"match",3
"check",3
"mllib",3
"powerbi",3
"holidays",3
"rows",3
"dimensionality",3
"reduction",3
"troubleshooting",3
"postgres",3
"increasing",3
"mongodb",3
"traveling",3
"documents",3
"attitude",3
"challenge",3
"django",3
"benefit",3
"handle",3
"records",3
"warehousing",3
"taking",3
"observational",3
"thrives",3
"depth",3
"communications",3
"educational",3
"successfully",3
"fitness",3
"heard",3
"savvy",3
"comfortably",3
"dealing",3
"anything",3
"jetblue",3
"exam",3
"psychological",3
"jetblue’s",3
"polygraph",3
"approved",2
"employers",2
"hundreds",2
"nlu",2
"eagerness",2
"categories",2
"offering",2
"classifiers",2
"etls",2
"overseeing",2
"consult",2
"examine",2
"read",2
"trello",2
"playertracking",2
"raw",2
"autopopulate",2
"caselevel",2
"import",2
"interactive",2
"merge",2
"restructure",2
"climate",2
"covid",2
"pressing",2
"crossfunctionally",2
"bidding",2
"mca",2
"hospitals",2
"many",2
"patients",2
"planet",2
"updates",2
"prototypes",2
"cycle",2
"decisioning",2
"dramatically",2
"reducing",2
"refinement",2
"times",2
"biggest",2
"devise",2
"formulate",2
"authorization",2
"collectionengineering",2
"ideation",2
"interpretationvisualization",2
"contractor",2
"fraudulent",2
"troves",2
"determining",2
"student",2
"solved",2
"timeintensive",2
"affect",2
"articulate",2
"deal",2
"valuations",2
"measurable",2
"tangible",2
"advocacy",2
"census",2
"demographic",2
"district",2
"election",2
"legislative",2
"maps",2
"wrangling",2
"evaluates",2
"farming",2
"indoor",2
"mechanical",2
"fans",2
"contributor",2
"consumed",2
"dream",2
"drives",2
"promotional",2
"garners",2
"parties",2
"parts",2
"annual",2
"push",2
"sellside",2
"interpreting",2
"entity",2
"assimilation",2
"streams",2
"characteristics",2
"counterparts",2
"impactful",2
"leveraged",2
"strategist",2
"strategize",2
"amount",2
"bossa",2
"devices",2
"groups",2
"novas",2
"matches",2
"sigmoid",2
"informational",2
"vital",2
"greenwood",2
"score",2
"emphasize",2
"inhouse",2
"polish",2
"qas",2
"macros",2
"abreast",2
"happenings",2
"mphasis",2
"nuances",2
"promise",2
"satisfying",2
"scientistanalyst",2
"efficacy",2
"batch",2
"move",2
"please",2
"clientfacing",2
"refine",2
"costs",2
"productivity",2
"databasesdata",2
"primary",2
"brandscompanies",2
"launched",2
"partnerships",2
"sound",2
"app",2
"favorite",2
"interrogate",2
"trial",2
"brainstorming",2
"sessions",2
"visualisation",2
"ballot",2
"breakthroughs",2
"instincts",2
"frame",2
"deepen",2
"shops",2
"conditions",2
"optimized",2
"champion",2
"gives",2
"wins",2
"combined",2
"aptitude",2
"lms",2
"acts",2
"sided",2
"robustness",2
"contributions",2
"consolidate",2
"plexuss",2
"verifying",2
"actuarial",2
"brings",2
"aforementioned",2
"eecs",2
"embed",2
"extended",2
"tapestry",2
"willing",2
"recently",2
"methodically",2
"advising",2
"customerbound",2
"extending",2
"coaches",2
"foot",2
"talk",2
"debugging",2
"pysparkml",2
"sparklyr",2
"sparkmllib",2
"sport",2
"company’s",2
"pentaho",2
"reliable",2
"friends",2
"referring",2
"productplatform",2
"suggestions",2
"benchmarks",2
"csats",2
"deliveries",2
"mix",2
"purchase",2
"engineer",2
"feasibility",2
"emerging",2
"harness",2
"competing",2
"tradeoffs",2
"generation",2
"qualitative",2
"tool",2
"containerized",2
"relationship",2
"mixed",2
"forecastmeasure",2
"premium",2
"pharmacy",2
"regarding",2
"graduation",2
"dynamics",2
"light",2
"tables",2
"businesses",2
"internally",2
"critique",2
"testimony",2
"manages",2
"already",2
"forwardthinking",2
"evangelize",2
"look",2
"collaborators",2
"upstream",2
"trials",2
"lifelong",2
"finding",2
"boosted",2
"ensembles",2
"glms",2
"iterate",2
"statisticalmathematical",2
"firm",2
"broad",2
"performs",2
"clientreporting",2
"synthesize",2
"analytically",2
"means",2
"edit",2
"mentality",2
"possess",2
"sought",2
"consultant",2
"literacy",2
"researchoriented",2
"transparent",2
"stats",2
"bringing",2
"raised",2
"slides",2
"stories",2
"proposing",2
"play",2
"triage",2
"backgrounds",2
"partnering",2
"outofthebox",2
"tactical",2
"writes",2
"lifecycle",2
"beforefollowing",2
"measures",2
"missing",2
"firstrate",2
"telecommunications",2
"utilized",2
"hvh",2
"postdoc",2
"objectoriented",2
"asked",2
"really",2
"since",2
"paced",2
"enthusiasm",2
"securities",2
"english",2
"technologiescapabilities",2
"expereience",2
"commercial",2
"intuitive",2
"verify",2
"apprenticeship",2
"via",2
"discretion",2
"extreme",2
"imperative",2
"athena",2
"reasons",2
"scienceengineering",2
"setup",2
"databased",2
"influencing",2
"banks",2
"creditrelated",2
"debt",2
"nonbanks",2
"someone",2
"elastic",2
"logstash",2
"sofelk",2
"clarity",2
"grade",2
"crossdivisional",2
"generating",2
"ally",2
"board",2
"sounding",2
"craft",2
"actions",2
"constituent",2
"donations",2
"outreach",2
"volunteering",2
"accomplish",2
"assigning",2
"résumé",2
"thesis",2
"side",2
"roadmaps",2
"humble",2
"transparency",2
"retention",2
"dod",2
"obtain",2
"authoring",2
"elite",2
"applicability",2
"transforming",2
"accountable",2
"amazing",2
"attentive",2
"communicators",2
"held",2
"selfstarters",2
"python…",2
"sample",2
"accelerating",2
"construct",2
"deeplearningj",2
"torch",2
"limited",2
"itrelated",2
"red",2
"shift",2
"mind",2
"maintenance",2
"chainer",2
"mxnet",2
"offshore",2
"diagnose",2
"journey",2
"nimble",2
"mathstatistics",2
"constructing",2
"glmregression",2
"jupiterorangeadamzeppelin",2
"repeatable",2
"babsms",2
"doi",2
"investigators",2
"acumen",2
"advise",2
"applicable",2
"assists",2
"operating",2
"pulls",2
"responding",2
"strive",2
"short",2
"driving",2
"ontime",2
"encouraged",2
"determine",2
"meetings",2
"aims",2
"frictionless",2
"menu",2
"onboarding",2
"restaurants",2
"uber",2
"mahout",2
"storm",2
"kafka",2
"mapreduce",2
"drill",2
"presto",2
"clojure",2
"haskell",2
"objectivec",2
"php",2
"ruby",2
"context",2
"onsite",2
"gbm",2
"svms",2
"cooperative",2
"pool",2
"samples",2
"supports",2
"pick",2
"informed",2
"lot",2
"concise",2
"ehr",2
"selfdirected",2
"city",2
"enforcement",2
"law",2
"relate",2
"broader",2
"focuses",2
"require",2
"prototyping",2
"funded",2
"regulatory",2
"food",2
"routing",2
"sides",2
"simulator",2
"stage",2
"earning",2
"established",2
"architects",2
"gradient",2
"coverage",2
"classes",2
"advances",2
"stay",2
"units",2
"layers",2
"cause",2
"opinions",2
"diversified",2
"embrace",2
"workload",2
"sites",2
"warehouses",2
"helping",2
"keen",2
"factor",2
"post",2
"inferential",2
"generally",2
"zeppelin",2
"cogent",2
"decisionmakers",2
"conjunction",2
"age",2
"circumstance",2
"diversity",2
"ethnicity",2
"expression",2
"gender",2
"identity",2
"race",2
"religion",2
"respects",2
"sexual",2
"socioeconomic",2
"demands",2
"spent",2
"monumental",2
"generous",2
"sick",2
"massive",2
"evolving",2
"entrepreneurial",2
"spirit",2
"fluent",2
"contractors",2
"abstracted",2
"collective",2
"commandline",2
"covered",2
"visualizing",2
"image",2
"together",2
"julia",2
"getting",2
"understandable",2
"dplyr",2
"dashboarding",2
"effort",2
"parallel",2
"several",2
"commit",2
"conflicts",2
"respectfully",2
"reinforcement",2
"achieving",2
"profitsharing",2
"inaccuracy",2
"measured",2
"tracked",2
"button",2
"jobs”",2
"“view",2
"june",2
"ask",2
"figure",2
"figuring",2
"hat",2
"largescale",2
"versatile",2
"stages",2
"optional",2
"loves",2
"javascala",2
"maybe",2
"published",2
"sampling",2
"implications",2
"significance",2
"interacting",2
"behave",2
"definitions",2
"fixes",2
"formalizing",2
"systematically",2
"compensation",2
"demonstrates",2
"click",2
"messy",2
"grow",2
"ada",2
"august",2
"stable",2
"output",2
"scoring",2
"embeddings",2
"handling",2
"week",2
"probabilities",2
"proactive",2
"pass",2
"ten",2
"political",2
"rexpert",2
"productionlevel",2
"anticipates",2
"password",2
"suggest",2
"alignment",2
"alerts",2
"notified",2
"storytelling",2
"autonomy",2
"informatics",2
"hour",2
"…",2
"autonomously",2
"something",2
"non",2
"hivehadoop",2
"subscription",2
"friday",2
"monday",2
"hierarchical",2
"vector",2
"billions",2
"unique",2
"policies",2
"pattern",2
"windows",2
"curriculum",2
"postgraduate",2
"djs",2
"provided",2
"formats",2
"precise",2
"comes",2
"pythonr",2
"managed",2
"varying",2
"sponsorship",2
"graduating",2
"excited",2
"reproducible",2
"detailoriented",2
"inteldashboard",2
"rept",2
"matrix",2
"resolve",2
"ontologies",2
"terminologies",2
"cassandra",2
"facets",2
"notions",2
"productiongrade",2
"seaborn",2
"days",2
"confident",2
"accounts",2
"doesnt",2
"considerations",2
"convey",2
"relates",2
"fashion",2
"liberties",2
"locally",2
"spectrum",2
"automl",2
"mlops",2
"learners",2
"enduser",2
"save",2
"ols",2
"hold",2
"mlai",2
"snowflake",2
"geographic",2
"gis",2
"macro",2
"done",2
"dining",2
"facilities",2
"face",2
"fit",2
"likely",2
"underlying",2
"club",2
"breadth",2
"clubs",2
"discounts",2
"creatively",2
"membership",2
"customer’s",2
"mobilization",2
"put",2
"manufacturing",2
"doe",2
"volunteer",2
"positions",2
"vary",2
"analyzes",2
"successes",2
"unfamiliar",2
"equation",2
"structural",2
"doesn’t",2
"uncertainty",2
"lets",2
"pounds",2
"evaluated",1
"forrester",1
"named",1
"ranked",1
"wave™",1
"undergo",1
"myriad",1
"httpswwwthemusecomcompaniescbsinteractive",1
"enrollment",1
"programing",1
"syntax",1
"openended",1
"talented",1
"httpswwwkagglecomcnflplayingsurfaceanalytics",1
"duke",1
"opens",1
"stanford",1
"ucsf",1
"factors",1
"poc",1
"impacting",1
"lasting",1
"lives",1
"marginal",1
"requisition",1
"productization",1
"assignmentsprojects",1
"contentprofessional",1
"statisticalml",1
"roadmap",1
"mercury",1
"interesting",1
"world’s",1
"elicits",1
"understands",1
"versed",1
"firstclass",1
"suite",1
"nonhealthcare",1
"old",1
"lean",1
"limits",1
"lowdata",1
"revolutionize",1
"beginningtoend",1
"mungingwrangling",1
"validating",1
"fusion",1
"sitting",1
"association",1
"likelihood",1
"rulebased",1
"signals",1
"vteams",1
"unforgettable",1
"scientistsresearchers",1
"stateoftheart",1
"active",1
"restricted",1
"intermediate",1
"httpswwwinstagramcomcbsinteractivehlen",1
"departmental",1
"erp",1
"formulas",1
"regulate",1
"httpswwwkagglecomcnflpuntanalyticscompetition",1
"mckinsey",1
"concept",1
"fullscale",1
"proofof",1
"learningstatisticaloptimization",1
"resilient",1
"target",1
"cut",1
"quantify",1
"deliverable",1
"mathstats",1
"softwares",1
"cuttingedge",1
"crop",1
"environmental",1
"harvests",1
"historical",1
"yields",1
"community",1
"doublebottom",1
"engages",1
"unifies",1
"regardless",1
"seniority",1
"academicindustry",1
"apaas",1
"whose",1
"artists",1
"considering",1
"discovery",1
"enjoyment",1
"listener",1
"preprocessing",1
"undertake",1
"rewrite",1
"indices",1
"inverted",1
"customerlevel",1
"regions",1
"satisfy",1
"workrelated",1
"iovate’s",1
"crossorganizational",1
"httpswwwyoutubecomchannelucavgapyifctulmntagalsq",1
"portal",1
"aggregate",1
"recommenders",1
"semantic",1
"appropriateness",1
"completeness",1
"highvalue",1
"morgan",1
"next",1
"launches",1
"nonroutine",1
"aspects",1
"costeffectiveness",1
"tours",1
"faster",1
"listening",1
"shed",1
"mates",1
"sigma",1
"sigma’s",1
"bid",1
"rates",1
"subsequently",1
"win",1
"predictions",1
"productionready",1
"cleans",1
"obtains",1
"commitments",1
"crunching",1
"mobile",1
"number",1
"wireless",1
"bowerys",1
"championships",1
"compete",1
"generationally",1
"memories",1
"tirelessly",1
"deeper",1
"participant",1
"never",1
"stop",1
"thirst",1
"assemble",1
"executed",1
"tested",1
"numerate",1
"oversee",1
"translated",1
"classifications",1
"actuaries",1
"transformations",1
"bellevue",1
"business’",1
"proprietary",1
"modelsalgorithms",1
"improvement”",1
"“continuous",1
"highlycollaborative",1
"viewing",1
"educate",1
"trusted",1
"associated",1
"complexities",1
"mitigate",1
"outcome",1
"unforeseen",1
"backorders",1
"returns",1
"productionquality",1
"presence",1
"filing",1
"patents",1
"publishing",1
"macrolevel",1
"goldman",1
"last",1
"sachs",1
"tranche",1
"categorization",1
"textdata",1
"forefront",1
"initiating",1
"awesome",1
"striving",1
"harmonize",1
"cxo",1
"deeply",1
"surface",1
"imc",1
"schooldepartment",1
"edtech",1
"reserved",1
"selfstudy",1
"behaviors",1
"presents",1
"conducted",1
"merchants",1
"practitioners",1
"spend",1
"productions",1
"deemed",1
"individuals’",1
"instinctively",1
"computation",1
"cryptowatch",1
"lightweight",1
"instill",1
"highest",1
"schedules",1
"educator",1
"compelled",1
"enablement",1
"textual",1
"voiceofcustomer",1
"recognize",1
"selfaware",1
"aswhen",1
"dives",1
"fuel",1
"postdegree",1
"communicates",1
"interprets",1
"metadata",1
"withmentor",1
"broker",1
"carrier",1
"cracking",1
"mystery",1
"perennial",1
"iteration",1
"replicated",1
"latent",1
"relative",1
"innovations",1
"crm",1
"behind",1
"extrapolate",1
"prescribe",1
"invite",1
"sounds",1
"error",1
"stores",1
"uniformity",1
"decisive",1
"statisticaleconometric",1
"cleansing",1
"americas",1
"backprop",1
"rule",1
"sgd",1
"vanilla",1
"aggregation",1
"mode",1
"unblock",1
"depending",1
"approximations",1
"elegantly",1
"publications",1
"injury",1
"tag",1
"cbinsights’",1
"larger",1
"highperformance",1
"innate",1
"softwaretools",1
"bespoke",1
"complicated",1
"containers",1
"beg",1
"bertelsmann",1
"divisions",1
"group",1
"exploiting",1
"relating",1
"retrieving",1
"assures",1
"performed",1
"agendas",1
"merchant",1
"public",1
"sector",1
"park’s",1
"confidence",1
"generalized",1
"incorporate",1
"intervals",1
"probabilisticgraphical",1
"realistic",1
"refines",1
"textpattern",1
"selfserve",1
"presentable",1
"honesty",1
"prize",1
"remain",1
"treat",1
"hvh’s",1
"chance",1
"distraction",1
"hand",1
"scrumagile",1
"task",1
"undue",1
"scienceand",1
"producing",1
"phdmasters",1
"acquiring",1
"shaping",1
"ultimately",1
"participation",1
"conceptualizing",1
"mis",1
"boundaries",1
"low",1
"variability",1
"whats",1
"constituents",1
"prospective",1
"habits",1
"ingrain",1
"replicable",1
"visuals",1
"processestools",1
"alternatives",1
"meaning",1
"dataintensive",1
"sigmoid’s",1
"algorithmstechniques",1
"navigate",1
"tackle",1
"multichannel",1
"kerastensorflow",1
"conceptualize",1
"monetization",1
"respectful",1
"supportive",1
"memberprovider",1
"organizing",1
"demographics",1
"imbedded",1
"verticals",1
"exploring",1
"agent",1
"stakeholder",1
"“solve”",1
"conceiving",1
"considerable",1
"exercises",1
"foresight",1
"judgment",1
"dashboard",1
"functionality",1
"productionalize",1
"resilience",1
"institution",1
"rising",1
"linguistics",1
"discovered",1
"interpretable",1
"enabled",1
"implemented",1
"optimizations",1
"bestinclass",1
"looks",1
"bsms",1
"communicated",1
"readily",1
"simplify",1
"algebra",1
"statisticalprobabilistic",1
"goods",1
"packaged",1
"averse",1
"innovate",1
"email",1
"outbound",1
"spearhead",1
"achievable",1
"sprints",1
"teamsorganizations",1
"oversight",1
"outstanding",1
"double",1
"humanities",1
"met",1
"purpose",1
"quantitatively",1
"exchange",1
"specialization",1
"futures",1
"testlearnredeploy",1
"sqoop",1
"biostatistics",1
"chemistry",1
"neurology",1
"obtaining",1
"testers",1
"employ",1
"constant",1
"bangalore",1
"india",1
"allocation",1
"emergence",1
"guidance",1
"optimal",1
"soft",1
"account",1
"question",1
"simplest",1
"sometimes",1
"affinity’s",1
"consistency",1
"integrated",1
"sjc",1
"semistructured",1
"unclean",1
"asks",1
"googles",1
"questionsautomatically",1
"bigdata",1
"migrating",1
"former",1
"illustrative",1
"informative",1
"players",1
"userfriendly",1
"surgeries",1
"junior",1
"capability",1
"breed",1
"technologymethodologies",1
"medicaremedicaid",1
"valuebased",1
"luigi",1
"administration",1
"officer",1
"retrieve",1
"fieldsyou",1
"wider",1
"deployed",1
"firms",1
"highdimensional",1
"sparse",1
"physical",1
"shaped",1
"blend",1
"concrete",1
"pragmatism",1
"reallife",1
"visualizers",1
"happiness",1
"listed",1
"intuition",1
"outlined",1
"propose",1
"competence",1
"correlation",1
"metric",1
"adequacy",1
"compile",1
"doh",1
"nys",1
"cis",1
"fellowship",1
"publishedpresented",1
"detect",1
"investigate",1
"counts",1
"executing",1
"gained",1
"label",1
"compiled",1
"typed",1
"anncnn",1
"markov",1
"ef<U+FB01>ciency",1
"beautiful",1
"downtown",1
"manhattan",1
"intelligencefocused",1
"verifiable",1
"glue",1
"taken",1
"client’s",1
"sciencemachine",1
"scoping",1
"watch",1
"varied",1
"dictionaries",1
"layouts",1
"convolution",1
"grulstm",1
"rnn",1
"alerting",1
"traffic",1
"governmental",1
"representations",1
"vocabularies",1
"serving",1
"deadline",1
"writedebug",1
"playing",1
"bachelor",1
"learningstatisticsdata",1
"additionally",1
"supervisedunsupervised",1
"softskills",1
"vernacular",1
"observable",1
"bargaining",1
"materials",1
"ambitious",1
"recognized",1
"zones",1
"rpython",1
"priority",1
"produces",1
"lambda",1
"foundational",1
"holiday",1
"selforganization",1
"disruption",1
"figures",1
"networkproduct",1
"proposal",1
"recruitment",1
"rfp",1
"selfdriven",1
"align",1
"operationalize",1
"response",1
"shells",1
"healthinsurance",1
"zeropremium",1
"consultation",1
"commuting",1
"improved",1
"prototypedevelop",1
"summaries",1
"consumers",1
"looselydefined",1
"scoped",1
"repositories",1
"aka",1
"lending",1
"unsecured",1
"valuation",1
"hustle",1
"hypervelocity",1
"inherent",1
"proof",1
"prepping",1
"blending",1
"learningstatistical",1
"regularization",1
"targeting",1
"dbs",1
"msbusiness",1
"military",1
"arcane",1
"bottom",1
"logic",1
"masses",1
"regulartemporary",1
"sklearn",1
"debug",1
"technically",1
"teradata",1
"imperfect",1
"fantasy",1
"switch",1
"tracks",1
"sap",1
"gui",1
"expertlevel",1
"ops",1
"cap",1
"ingame",1
"league",1
"roster",1
"disciplined",1
"highquality",1
"timeconscious",1
"missiondriven",1
"experimenting",1
"scraping",1
"specialists",1
"manual",1
"recurring",1
"tidyverse",1
"progressively",1
"baccaulaureate",1
"bash",1
"classified",1
"eligibility",1
"selected",1
"solvable",1
"ampl",1
"second",1
"highlytechnical",1
"lesstechnical",1
"pto",1
"display",1
"interpretation",1
"risktaking",1
"clarification",1
"accounting",1
"deriving",1
"resourceful",1
"story",1
"telling",1
"redundancy",1
"strength",1
"none",1
"statisticalmathanalytical",1
"enterprise",1
"industrialorganizational",1
"psychology",1
"allow",1
"clock",1
"ideate",1
"wear",1
"python–experience",1
"linuxunixshell",1
"motivated",1
"postgresql",1
"california",1
"country’s",1
"expanded",1
"form",1
"highend",1
"opened",1
"sunnyvale",1
"workforce",1
"appreciate",1
"reaching",1
"temporary",1
"concisely",1
"adoption",1
"autodidact",1
"diving",1
"overflow",1
"scheduling",1
"valued",1
"cyber",1
"regressionnonlinear",1
"mastery",1
"sqlpostgres",1
"objectivity",1
"substantial",1
"agilescrumlean",1
"represent",1
"skylights",1
"brms",1
"etc…",1
"rstan",1
"stan",1
"stanarm",1
"remedies",1
"beat",1
"points",1
"tennis",1
"objects",1
"selfservice",1
"tssci",1
"telemetry",1
"mentorship",1
"path",1
"disseminate",1
"society",1
"bayes",1
"knn",1
"naive",1
"alliants",1
"modify",1
"scored",1
"bertelmo",1
"guts",1
"trello’s",1
"mindset—thinks",1
"quo",1
"developmentit",1
"exception",1
"starter",1
"seek",1
"assignments",1
"coupled",1
"answering",1
"saas",1
"icd",1
"loinc",1
"rxnorm",1
"snomed",1
"america",1
"billion",1
"branch",1
"fortune",1
"inc",1
"professionals",1
"revenues",1
"yoy",1
"consider",1
"deciding",1
"serverless",1
"extensively",1
"effect",1
"estimate",1
"inferences",1
"alone",1
"gut",1
"inquisitive",1
"methodical",1
"substantiated",1
"much",1
"“",1
"”",1
"modifications",1
"dependents",1
"premiums",1
"drug",1
"preemployment",1
"gitlab",1
"javaproject",1
"neoj",1
"pythonproject",1
"rstudio",1
"sasexpert",1
"sharepoint",1
"toad",1
"toolslanguages",1
"zoom",1
"recommends",1
"researches",1
"believer",1
"multifaceted",1
"secure",1
"executive",1
"accommodating",1
"globallevel",1
"startuptype",1
"customerfacing",1
"variance",1
"apps",1
"wifi",1
"audits",1
"confidentiality",1
"guidelines",1
"industry’s",1
"protect",1
"protected",1
"responsibilities",1
"sensitive",1
"timeframe",1
"seekers",1
"dash",1
"buffers",1
"dataaccessacquisition",1
"queues",1
"specs",1
"adaptively",1
"crossplatform",1
"profiling",1
"identified",1
"rely",1
"cpt",1
"drg",1
"groupers",1
"hcpc",1
"highlymotivated",1
"resultsfocused",1
"bsmsphd",1
"scientificquantitative",1
"gyms",1
"laundry",1
"perks",1
"rooms",1
"wellness",1
"country",1
"eligible",1
"legally",1
"located",1
"procurementcaptureproposal",1
"autoencoders",1
"dbscan",1
"dictionary",1
"generative",1
"kernel",1
"pca",1
"sequential",1
"educates",1
"machines",1
"nonparametric",1
"grafana",1
"mixpanel",1
"contact",1
"greenfield",1
"streamline",1
"globally",1
"emr",1
"datamining",1
"pantry",1
"stocked",1
"certification",1
"propensity",1
"occur",1
"prevents",1
"roadblocks",1
"endusers",1
"abide",1
"compliance",1
"yrs",1
"differing",1
"pliable",1
"rewarded",1
"dynamodb",1
"elements",1
"housing",1
"interns",1
"lodging",1
"tofrom",1
"transportation",1
"csv",1
"json",1
"skillsfile",1
"xml",1
"adequate",1
"timing",1
"codebooks",1
"delivered",1
"pave",1
"road",1
"yes",1
"subarea",1
"remotely",1
"takes",1
"qualifications",1
"cms",1
"ecqm",1
"hedis",1
"converting",1
"digestible",1
"geographies",1
"reject",1
"agenda",1
"owning",1
"allowance",1
"contributing",1
"conference",1
"gramercy",1
"logic’s",1
"madison",1
"data’s",1
"park",1
"aggressively",1
"masterslevel",1
"businesspeople",1
"marketers",1
"advancements",1
"harmony",1
"iot",1
"sqlmysql",1
"robot",1
"whiteboarding",1
"languagesframeworks",1
"questionnaire",1
"countermeasure",1
"fielding",1
"importing",1
"successful",1
"admissions",1
"conversations",1
"fellows",1
"hbase",1
"trend",1
"older",1
"follows",1
"pull",1
"requests…",1
"aggregations",1
"arises",1
"amisys",1
"qnxt",1
"potentially",1
"datamachine",1
"omop",1
"hisher",1
"style",1
"result",1
"author",1
"pythonjavascript",1
"corresponding",1
"plotly",1
"xgboost",1
"juggle",1
"popular",1
"attractive",1
"caregiver",1
"leaves",1
"dates",1
"summer",1
"fearlessness",1
"pursuit",1
"authorized",1
"nebulous",1
"reality",1
"kind",1
"retrain",1
"train",1
"inspiring",1
"storyteller",1
"succinct",1
"cover",1
"playbook",1
"datacomputing",1
"charters",1
"earlystage",1
"broadcasting",1
"thirdparty",1
"flat",1
"autonomousindependent",1
"teachable",1
"incentives",1
"api’s",1
"facebook",1
"ingesting",1
"workshops",1
"cataloguing",1
"journaling",1
"mlflow",1
"remotefriendly",1
"datainformation",1
"kubernetes",1
"frequent",1
"qlik",1
"species",1
"learningdata",1
"pythonbased",1
"fhir",1
"interchange",1
"rim",1
"smart",1
"alarms",1
"faced",1
"tradeoff",1
"woken",1
"encode",1
"portions",1
"costeffective",1
"multifunction",1
"believe",1
"fail",1
"dent",1
"universe",1
"unleash",1
"extend",1
"empathy",1
"communicative",1
"disruptive",1
"live",1
"truly",1
"userbusiness",1
"multilingual",1
"experiencetraining",1
"lieu",1
"easy",1
"highpressure",1
"stress",1
"tolerance",1
"bottomline",1
"counted",1
"exceed",1
"performers",1
"pushes",1
"steadfastly",1
"consummate",1
"afterwards",1
"candidates",1
"final",1
"going",1
"initial",1
"interviews",1
"otherwise",1
"phone",1
"screens",1
"though",1
"turn",1
"mle",1
"treerandom",1
"fellow",1
"dataoriented",1
"personality",1
"openminded",1
"advantages",1
"purchasing",1
"aster",1
"managementprogramming",1
"accelerated",1
"gpu",1
"tpu",1
"matters",1
"console",1
"explorer",1
"onboardingestmap",1
"bashzsh",1
"dbt",1
"multidimensional",1
"ensures",1
"maintained",1
"simplicity",1
"labelers",1
"timezones",1
"deeplearning",1
"meals",1
"establishes",1
"firsthand",1
"gains",1
"gets",1
"maintains",1
"meeting",1
"dog",1
"friendly",1
"differ",1
"mapped",1
"productive",1
"programmers",1
"weve",1
"widely",1
"wont",1
"uphold",1
"genuinely",1
"sqlalchemy",1
"numpyscipy",1
"statsmodels",1
"huge",1
"seriously",1
"reasoning",1
"commission",1
"notch",1
"resident",1
"schemas",1
"attendance",1
"punctuality",1
"buildingrelationship",1
"exceeding",1
"requires",1
"tour",1
"enthusiastically",1
"nycdoe",1
"pursue",1
"strike",1
"ubuntu",1
"unable",1
"microstrategy",1
"specified",1
"jeans",1
"welcome",1
"apple",1
"hardware",1
"movie",1
"subsidies",1
"tickets",1
"toolstechniques",1
"connections",1
"original",1
"settings",1
"tends",1
"unrelated",1
"valueadded",1
"professionalpolished",1
"airbnb",1
"dropbox",1
"everyone",1
"stripe",1
"courageous",1
"flaws",1
"highlight",1
"speak",1
"helpful",1
"merging",1
"octave",1
"iqvia",1
"complimentary",1
"austin",1
"denver",1
"headquartered",1
"heart",1
"eda",1
"industrystandard",1
"shortnotice",1
"ambiguousfastchanging",1
"highvolume",1
"often",1
"forth",1
"internet",1
"educators",1
"policymakers",1
"pragmatic",1
"prefer",1
"population",1
"renew",1
"hadoopspark",1
"notebook",1
"problemsbottlenecks",1
"enough",1
"constructive",1
"diffuse",1
"diplomacy",1
"hightension",1
"rapport",1
"sideways",1
"situations",1
"tact",1
"accessing",1
"black",1
"ever",1
"founders",1
"front",1
"hole",1
"seem",1
"sent",1
"turnaround",1
"characterized",1
"knowledgefamiliarity",1
"café’",1
"equinox",1
"items",1
"pilates",1
"shop",1
"spa",1
"bath",1
"bed",1
"depot",1
"gnc",1
"honest",1
"loreal",1
"pepsi",1
"petsmart",1
"walmart",1
"assessing",1
"intensive",1
"appearance",1
"wellgroomed",1
"eye",1
"diagnostic",1
"greatest",1
"stored",1
"geico",1
"union",1
"relevance",1
"matplotlib",1
"visualizingpresenting",1
"longstanding",1
"call",1
"attitudinal",1
"clues",1
"essence",1
"failures",1
"fly",1
"grasps",1
"learns",1
"relentless",1
"try",1
"cant",1
"isnt",1
"vouch",1
"bridging",1
"gap",1
"legacy",1
"adobe",1
"eugene",1
"httpswwwlinkedincomineugenekozhukalo",1
"httpswwwlinkedincominroboc",1
"kozhukalo",1
"ocallaghan",1
"rob",1
"case",1
"cohort",1
"crosssectional",1
"academics",1
"clibash",1
"evidenced",1
"foundations",1
"gitlabgithub",1
"moocs",1
"ctrlm",1
"qaunit",1
"aircraft",1
"crewmembers",1
"flights",1
"permits",1
"platformslanguages",1
"continually",1
"collects",1
"distinct",1
"dependable",1
"always",1
"arent",1
"flashiest",1
"usually",1
"epidemiology",1
"caret",1
"mlr",1
"energy",1
"everything",1
"finishing",1
"perseverance",1
"pursues",1
"resistance",1
"seldom",1
"setbacks",1
"dirty",1
"happen”",1
"“make",1
"predictionforecasting",1
"subfield",1
"accessible",1
"discuss",1
"navigating",1
"analyzinginterpreting",1
"caring",1
"exhibit",1
"alteryx",1
"determines",1
"facilitates",1
"improves",1
"promotes",1
"convert",1
"coreml",1
"onnx",1
"unbalanced",1
"cluster",1
"correspondence",1
"discriminant",1
"air",1
"cope",1
"decide",1
"gears",1
"isn’t",1
"upset",1
"legal",1
"bigqueryor",1
"requirement",1
"conferencesjournals",1
"esteemed",1
"pythonpandas",1
"tabular",1
"householdlevel",1
"personlevel",1
"technologyenabled",1
"ambassador",1
"components",1
"sms",1
"arima",1
"exponential",1
"fuzzy",1
"garch",1
"smoothing",1
"edustat",1
"feed",1
"utilizes",1
"cnns",1
"mlps",1
"nets",1
"rnns",1
"exercising",1
"calculate",1
"corrections",1
"validity",1
"weighting",1
"agility",1
"ahead",1
"anticipate",1
"articulately",1
"breakthrough",1
"consequences",1
"credible",1
"likelihoods",1
"paint",1
"pictures",1
"possibilities",1
"sees",1
"visions",1
"experienceuser",1
"buildingevaluation",1
"treebased",1
"welldocumented",1
"trustbased",1
"asap",1
"aviation",1
"hazards",1
"incidents",1
"reported",1
"sarequipment",1
"whenever",1
"adaboost",1
"ingest",1
"wrangle",1
"evenings",1
"weekends",1
"databioinformatics",1
"genomics",1
"cpf",1
"mentoring",1
"teambased",1
"belonging",1
"blends",1
"defines",1
"dialogue",1
"feeling",1
"fosters",1
"morale",1
"shares",1
"whole",1
"incomplete",1
"githubbitbucket",1
"class",1
"joining",1
"limitations",1
"predicted",1
"products”",1
"world”",1
"“data",1
"“real",1
"equipment",1
"map",1
"reduce",1
"sustainable",1
"dbeaver",1
"analysisnlp",1
"hevc",1
"afraid",1
"corrective",1
"courage",1
"faces",1
"managerial",1
"negative",1
"said",1
"“actionable”",1
"autonomous",1
"normal",1
"adls",1
"factory",1
"placement",1
"multidisciplinary",1
"sem",1
"conferences",1
"discovering",1
"excitement",1
"coach",1
"teach",1
"occasionally",1
"sedentary",1
"rdbms",1
"datascience",1
"rust",1
"aligns",1
"httpsskylightdigitalculture",1
"known",1
"soon",1
"prescriptive",1
"icdod",1
"randomized",1
"survey",1
"lake",1
"office’s",1
"peer",1
"institutional",1
"careergrowth",1
"typescript",1
"economic",1
"stake",1
"brentwood",1
